scheduler,completed,missed,miss_ratio,preemptions,context_switches,cpu_util,busy_time,idle_time,avg_response,max_response
RMS,71,0,0.000000,26,97,0.184000,36.80,163.20,3.8394,18.5000
EDF,71,0,0.000000,24,95,0.167500,33.50,166.50,3.8634,18.5000
LLF,71,0,0.000000,62,133,0.186500,37.30,162.70,3.9394,18.5000
DMS,71,0,0.000000,26,97,0.184000,36.80,163.20,3.8394,18.5000
FCFS,70,1,0.014085,0,71,0.000000,0.00,200.00,3.8400,12.3000
SJF,71,0,0.000000,0,71,0.000000,0.00,200.00,3.6507,13.5000
