scheduler,completed,missed,miss_ratio,preemptions,context_switches,cpu_util,busy_time,idle_time,avg_response,max_response
RMS,40,0,0.000000,20,60,0.300000,30.00,70.00,5.2500,20.0000
EDF,40,0,0.000000,20,60,0.300000,30.00,70.00,5.2500,20.0000
LLF,40,0,0.000000,695,735,0.542500,54.25,45.75,6.1062,20.0000
DMS,40,0,0.000000,20,60,0.300000,30.00,70.00,5.2500,20.0000
FCFS,35,5,0.125000,0,35,0.000000,0.00,100.00,4.1429,9.0000
SJF,35,5,0.125000,0,40,0.000000,0.00,100.00,4.7143,11.0000
